=IFS($C16="","―",$C16=0,"―",$E16<=0,"✕",$E16<=5,"△",IFERROR($E16/$C16,1)<=0.25,"△",IFERROR(VLOOKUP($A16,$A$6:$D$12,4,FALSE)/VLOOKUP($A16,$A$6:$B$12,2,FALSE),1)<=0.25,"△",TRUE,"〇")
=IFS($C17="","―",$C17=0,"―",$E17<=0,"✕",$E17<=5,"△",IFERROR($E17/$C17,1)<=0.25,"△",IFERROR(VLOOKUP($A17,$A$6:$D$12,4,FALSE)/VLOOKUP($A17,$A$6:$B$12,2,FALSE),1)<=0.25,"△",TRUE,"〇")
=IFS($C18="","―",$C18=0,"―",$E18<=0,"✕",$E18<=5,"△",IFERROR($E18/$C18,1)<=0.25,"△",IFERROR(VLOOKUP($A18,$A$6:$D$12,4,FALSE)/VLOOKUP($A18,$A$6:$B$12,2,FALSE),1)<=0.25,"△",TRUE,"〇")
=IFS($C19="","―",$C19=0,"―",$E19<=0,"✕",$E19<=5,"△",IFERROR($E19/$C19,1)<=0.25,"△",IFERROR(VLOOKUP($A19,$A$6:$D$12,4,FALSE)/VLOOKUP($A19,$A$6:$B$12,2,FALSE),1)<=0.25,"△",TRUE,"〇")
=IFS($C20="","―",$C20=0,"―",$E20<=0,"✕",$E20<=5,"△",IFERROR($E20/$C20,1)<=0.25,"△",IFERROR(VLOOKUP($A20,$A$6:$D$12,4,FALSE)/VLOOKUP($A20,$A$6:$B$12,2,FALSE),1)<=0.25,"△",TRUE,"〇")
=IFS($C21="","―",$C21=0,"―",$E21<=0,"✕",$E21<=5,"△",IFERROR($E21/$C21,1)<=0.25,"△",IFERROR(VLOOKUP($A21,$A$6:$D$12,4,FALSE)/VLOOKUP($A21,$A$6:$B$12,2,FALSE),1)<=0.25,"△",TRUE,"〇")
=IFS($C22="","―",$C22=0,"―",$E22<=0,"✕",$E22<=5,"△",IFERROR($E22/$C22,1)<=0.25,"△",IFERROR(VLOOKUP($A22,$A$6:$D$12,4,FALSE)/VLOOKUP($A22,$A$6:$B$12,2,FALSE),1)<=0.25,"△",TRUE,"〇")
=IFS($C23="","―",$C23=0,"―",$E23<=0,"✕",$E23<=5,"△",IFERROR($E23/$C23,1)<=0.25,"△",IFERROR(VLOOKUP($A23,$A$6:$D$12,4,FALSE)/VLOOKUP($A23,$A$6:$B$12,2,FALSE),1)<=0.25,"△",TRUE,"〇")
=IFS($C24="","―",$C24=0,"―",$E24<=0,"✕",$E24<=5,"△",IFERROR($E24/$C24,1)<=0.25,"△",IFERROR(VLOOKUP($A24,$A$6:$D$12,4,FALSE)/VLOOKUP($A24,$A$6:$B$12,2,FALSE),1)<=0.25,"△",TRUE,"〇")
=IFS($C25="","―",$C25=0,"―",$E25<=0,"✕",$E25<=5,"△",IFERROR($E25/$C25,1)<=0.25,"△",IFERROR(VLOOKUP($A25,$A$6:$D$12,4,FALSE)/VLOOKUP($A25,$A$6:$B$12,2,FALSE),1)<=0.25,"△",TRUE,"〇")
=IFS($C26="","―",$C26=0,"―",$E26<=0,"✕",$E26<=5,"△",IFERROR($E26/$C26,1)<=0.25,"△",IFERROR(VLOOKUP($A26,$A$6:$D$12,4,FALSE)/VLOOKUP($A26,$A$6:$B$12,2,FALSE),1)<=0.25,"△",TRUE,"〇")
=IFS($C27="","―",$C27=0,"―",$E27<=0,"✕",$E27<=5,"△",IFERROR($E27/$C27,1)<=0.25,"△",IFERROR(VLOOKUP($A27,$A$6:$D$12,4,FALSE)/VLOOKUP($A27,$A$6:$B$12,2,FALSE),1)<=0.25,"△",TRUE,"〇")
=IFS($C28="","―",$C28=0,"―",$E28<=0,"✕",$E28<=5,"△",IFERROR($E28/$C28,1)<=0.25,"△",IFERROR(VLOOKUP($A28,$A$6:$D$12,4,FALSE)/VLOOKUP($A28,$A$6:$B$12,2,FALSE),1)<=0.25,"△",TRUE,"〇")
=IFS($C29="","―",$C29=0,"―",$E29<=0,"✕",$E29<=5,"△",IFERROR($E29/$C29,1)<=0.25,"△",IFERROR(VLOOKUP($A29,$A$6:$D$12,4,FALSE)/VLOOKUP($A29,$A$6:$B$12,2,FALSE),1)<=0.25,"△",TRUE,"〇")
=IFS($C30="","―",$C30=0,"―",$E30<=0,"✕",$E30<=5,"△",IFERROR($E30/$C30,1)<=0.25,"△",IFERROR(VLOOKUP($A30,$A$6:$D$12,4,FALSE)/VLOOKUP($A30,$A$6:$B$12,2,FALSE),1)<=0.25,"△",TRUE,"〇")
=IFS($C31="","―",$C31=0,"―",$E31<=0,"✕",$E31<=5,"△",IFERROR($E31/$C31,1)<=0.25,"△",IFERROR(VLOOKUP($A31,$A$6:$D$12,4,FALSE)/VLOOKUP($A31,$A$6:$B$12,2,FALSE),1)<=0.25,"△",TRUE,"〇")
=IFS($C32="","―",$C32=0,"―",$E32<=0,"✕",$E32<=5,"△",IFERROR($E32/$C32,1)<=0.25,"△",IFERROR(VLOOKUP($A32,$A$6:$D$12,4,FALSE)/VLOOKUP($A32,$A$6:$B$12,2,FALSE),1)<=0.25,"△",TRUE,"〇")
=IFS($C33="","―",$C33=0,"―",$E33<=0,"✕",$E33<=5,"△",IFERROR($E33/$C33,1)<=0.25,"△",IFERROR(VLOOKUP($A33,$A$6:$D$12,4,FALSE)/VLOOKUP($A33,$A$6:$B$12,2,FALSE),1)<=0.25,"△",TRUE,"〇")
=IFS($C34="","―",$C34=0,"―",$E34<=0,"✕",$E34<=5,"△",IFERROR($E34/$C34,1)<=0.25,"△",IFERROR(VLOOKUP($A34,$A$6:$D$12,4,FALSE)/VLOOKUP($A34,$A$6:$B$12,2,FALSE),1)<=0.25,"△",TRUE,"〇")
=IFS($C35="","―",$C35=0,"―",$E35<=0,"✕",$E35<=5,"△",IFERROR($E35/$C35,1)<=0.25,"△",IFERROR(VLOOKUP($A35,$A$6:$D$12,4,FALSE)/VLOOKUP($A35,$A$6:$B$12,2,FALSE),1)<=0.25,"△",TRUE,"〇")
=IFS($C36="","―",$C36=0,"―",$E36<=0,"✕",$E36<=5,"△",IFERROR($E36/$C36,1)<=0.25,"△",IFERROR(VLOOKUP($A36,$A$6:$D$12,4,FALSE)/VLOOKUP($A36,$A$6:$B$12,2,FALSE),1)<=0.25,"△",TRUE,"〇")
=IFS($C37="","―",$C37=0,"―",$E37<=0,"✕",$E37<=5,"△",IFERROR($E37/$C37,1)<=0.25,"△",IFERROR(VLOOKUP($A37,$A$6:$D$12,4,FALSE)/VLOOKUP($A37,$A$6:$B$12,2,FALSE),1)<=0.25,"△",TRUE,"〇")
=IFS($C38="","―",$C38=0,"―",$E38<=0,"✕",$E38<=5,"△",IFERROR($E38/$C38,1)<=0.25,"△",IFERROR(VLOOKUP($A38,$A$6:$D$12,4,FALSE)/VLOOKUP($A38,$A$6:$B$12,2,FALSE),1)<=0.25,"△",TRUE,"〇")
=IFS($C39="","―",$C39=0,"―",$E39<=0,"✕",$E39<=5,"△",IFERROR($E39/$C39,1)<=0.25,"△",IFERROR(VLOOKUP($A39,$A$6:$D$12,4,FALSE)/VLOOKUP($A39,$A$6:$B$12,2,FALSE),1)<=0.25,"△",TRUE,"〇")
=IFS($C40="","―",$C40=0,"―",$E40<=0,"✕",$E40<=5,"△",IFERROR($E40/$C40,1)<=0.25,"△",IFERROR(VLOOKUP($A40,$A$6:$D$12,4,FALSE)/VLOOKUP($A40,$A$6:$B$12,2,FALSE),1)<=0.25,"△",TRUE,"〇")
=IFS($C41="","―",$C41=0,"―",$E41<=0,"✕",$E41<=5,"△",IFERROR($E41/$C41,1)<=0.25,"△",IFERROR(VLOOKUP($A41,$A$6:$D$12,4,FALSE)/VLOOKUP($A41,$A$6:$B$12,2,FALSE),1)<=0.25,"△",TRUE,"〇")
=IFS($C42="","―",$C42=0,"―",$E42<=0,"✕",$E42<=5,"△",IFERROR($E42/$C42,1)<=0.25,"△",IFERROR(VLOOKUP($A42,$A$6:$D$12,4,FALSE)/VLOOKUP($A42,$A$6:$B$12,2,FALSE),1)<=0.25,"△",TRUE,"〇")
=IFS($C43="","―",$C43=0,"―",$E43<=0,"✕",$E43<=5,"△",IFERROR($E43/$C43,1)<=0.25,"△",IFERROR(VLOOKUP($A43,$A$6:$D$12,4,FALSE)/VLOOKUP($A43,$A$6:$B$12,2,FALSE),1)<=0.25,"△",TRUE,"〇")
=IFS($C44="","―",$C44=0,"―",$E44<=0,"✕",$E44<=5,"△",IFERROR($E44/$C44,1)<=0.25,"△",IFERROR(VLOOKUP($A44,$A$6:$D$12,4,FALSE)/VLOOKUP($A44,$A$6:$B$12,2,FALSE),1)<=0.25,"△",TRUE,"〇")
=IFS($C45="","―",$C45=0,"―",$E45<=0,"✕",$E45<=5,"△",IFERROR($E45/$C45,1)<=0.25,"△",IFERROR(VLOOKUP($A45,$A$6:$D$12,4,FALSE)/VLOOKUP($A45,$A$6:$B$12,2,FALSE),1)<=0.25,"△",TRUE,"〇")
=IFS($C46="","―",$C46=0,"―",$E46<=0,"✕",$E46<=5,"△",IFERROR($E46/$C46,1)<=0.25,"△",IFERROR(VLOOKUP($A46,$A$6:$D$12,4,FALSE)/VLOOKUP($A46,$A$6:$B$12,2,FALSE),1)<=0.25,"△",TRUE,"〇")
=IFS($C47="","―",$C47=0,"―",$E47<=0,"✕",$E47<=5,"△",IFERROR($E47/$C47,1)<=0.25,"△",IFERROR(VLOOKUP($A47,$A$6:$D$12,4,FALSE)/VLOOKUP($A47,$A$6:$B$12,2,FALSE),1)<=0.25,"△",TRUE,"〇")
=IFS($C48="","―",$C48=0,"―",$E48<=0,"✕",$E48<=5,"△",IFERROR($E48/$C48,1)<=0.25,"△",IFERROR(VLOOKUP($A48,$A$6:$D$12,4,FALSE)/VLOOKUP($A48,$A$6:$B$12,2,FALSE),1)<=0.25,"△",TRUE,"〇")
=IFS($C49="","―",$C49=0,"―",$E49<=0,"✕",$E49<=5,"△",IFERROR($E49/$C49,1)<=0.25,"△",IFERROR(VLOOKUP($A49,$A$6:$D$12,4,FALSE)/VLOOKUP($A49,$A$6:$B$12,2,FALSE),1)<=0.25,"△",TRUE,"〇")
=IFS($C50="","―",$C50=0,"―",$E50<=0,"✕",$E50<=5,"△",IFERROR($E50/$C50,1)<=0.25,"△",IFERROR(VLOOKUP($A50,$A$6:$D$12,4,FALSE)/VLOOKUP($A50,$A$6:$B$12,2,FALSE),1)<=0.25,"△",TRUE,"〇")
=IFS($C51="","―",$C51=0,"―",$E51<=0,"✕",$E51<=5,"△",IFERROR($E51/$C51,1)<=0.25,"△",IFERROR(VLOOKUP($A51,$A$6:$D$12,4,FALSE)/VLOOKUP($A51,$A$6:$B$12,2,FALSE),1)<=0.25,"△",TRUE,"〇")
=IFS($C52="","―",$C52=0,"―",$E52<=0,"✕",$E52<=5,"△",IFERROR($E52/$C52,1)<=0.25,"△",IFERROR(VLOOKUP($A52,$A$6:$D$12,4,FALSE)/VLOOKUP($A52,$A$6:$B$12,2,FALSE),1)<=0.25,"△",TRUE,"〇")
=IFS($C53="","―",$C53=0,"―",$E53<=0,"✕",$E53<=5,"△",IFERROR($E53/$C53,1)<=0.25,"△",IFERROR(VLOOKUP($A53,$A$6:$D$12,4,FALSE)/VLOOKUP($A53,$A$6:$B$12,2,FALSE),1)<=0.25,"△",TRUE,"〇")
=IFS($C54="","―",$C54=0,"―",$E54<=0,"✕",$E54<=5,"△",IFERROR($E54/$C54,1)<=0.25,"△",IFERROR(VLOOKUP($A54,$A$6:$D$12,4,FALSE)/VLOOKUP($A54,$A$6:$B$12,2,FALSE),1)<=0.25,"△",TRUE,"〇")
=IFS($C55="","―",$C55=0,"―",$E55<=0,"✕",$E55<=5,"△",IFERROR($E55/$C55,1)<=0.25,"△",IFERROR(VLOOKUP($A55,$A$6:$D$12,4,FALSE)/VLOOKUP($A55,$A$6:$B$12,2,FALSE),1)<=0.25,"△",TRUE,"〇")
=IFS($C56="","―",$C56=0,"―",$E56<=0,"✕",$E56<=5,"△",IFERROR($E56/$C56,1)<=0.25,"△",IFERROR(VLOOKUP($A56,$A$6:$D$12,4,FALSE)/VLOOKUP($A56,$A$6:$B$12,2,FALSE),1)<=0.25,"△",TRUE,"〇")
=IFS($C57="","―",$C57=0,"―",$E57<=0,"✕",$E57<=5,"△",IFERROR($E57/$C57,1)<=0.25,"△",IFERROR(VLOOKUP($A57,$A$6:$D$12,4,FALSE)/VLOOKUP($A57,$A$6:$B$12,2,FALSE),1)<=0.25,"△",TRUE,"〇")